gene_id,condition,control_1,control_2,control_3,control_4,control_5,control_6,control_7,control_8,control_9,control_10,disease_1,disease_2,disease_3,disease_4,disease_5,disease_6,disease_7,disease_8,disease_9,disease_10
ENSG00000139618,control,0,0,1,0,0,1,0,0,0,1,2,2,1,2,3,2,1,2,2,3
ENSG00000141510,control,0,0,1,1,2,1,1,2,1,1,2,1
ENSG00000133703,control,2,2,2,2,2,2,2,2,0,1,0,0,1,0,1,0,0,1
ENSG00000171862,control,2,1,2,2,1,2,2,2,1,2,0,0,1,0,0,1,0,0
ENSG00000012048,control,1,1,1,1,1,1,3,3,2,3,3,2,3,3,2,3
ENSG00000136997,control,2,2,2,2,2,2,2,2
ENSG00000146648,control,1,1,0,1,1,1,0,1,1,1,1,1,2,1,1,2,1,1,2,1
ENSG00000091831,control,2,2,2,2,2,2,2,2,2,2,1,1,1,1,1,1,1,1,1,1
ENSG00000157764,control,0,0,0,0,0,0,0,0,0,0,2,2,2,2,2,2,2,2,2,2
ENSG00000171862,control,1,1,1,1,1,1,1,1,1,1,1,1
ENSG00000149311,control,2,2,2,2,0,0,0,0
ENSG00000132155,control,1,1,1,1,1,1,1,1,1,1,2,2,2,2
ENSG00000134086,control,0,0,1,0,0,1,0,0,0,1,1,1,1,1,1,1,1,1,1,1
ENSG00000105397,control,2,2,2,2,2,2,2,2,2,2,2,2,2,2,2,2,2,2,2,2
ENSG00000168646,control,1,1,1,1,1,1,1,1,1,1,0,0,0,0,0,0,0,0,0,0